{
  "target_layer": 0,
  "captured_phase": "decode",
  "captured_index": 1,
  "active_ids_count": 4884,
  "active_ids_sample": [
    309,
    7182,
    5080,
    2762,
    3223,
    8001,
    9311,
    5965,
    7886,
    3106,
    3467,
    4344,
    13536,
    7644,
    13573,
    8761,
    3894,
    14282,
    4317,
    12228,
    7279,
    11587,
    6677,
    1439,
    3510,
    5290,
    2055,
    5283,
    9223,
    5691,
    8342,
    2822,
    5343,
    6554,
    8323,
    2829,
    2102,
    937,
    8736,
    7830,
    3014,
    1228,
    3259,
    12826,
    10435,
    2146,
    3497,
    11711,
    4396,
    8545,
    1435,
    10224,
    3564,
    3858,
    820,
    9231,
    1969,
    2378,
    5475,
    8723,
    2282,
    790,
    6822,
    8509
  ],
  "selected_count_tensor": [
    4884
  ],
  "selected_score_sample": [
    0.217529296875,
    0.1549072265625,
    0.12744140625,
    0.1163330078125,
    0.09661865234375,
    0.09515380859375,
    0.09210205078125,
    0.08746337890625,
    0.08587646484375,
    0.07415771484375,
    0.06732177734375,
    0.067138671875,
    0.06488037109375,
    0.0631103515625,
    0.06256103515625,
    0.06158447265625,
    0.05609130859375,
    0.055267333984375,
    0.054962158203125,
    0.054718017578125,
    0.051483154296875,
    0.05078125,
    0.049713134765625,
    0.04779052734375,
    0.0477294921875,
    0.0465087890625,
    0.045623779296875,
    0.045013427734375,
    0.04412841796875,
    0.040924072265625,
    0.040435791015625,
    0.03973388671875,
    0.036712646484375,
    0.0361328125,
    0.035552978515625,
    0.035491943359375,
    0.035400390625,
    0.035186767578125,
    0.033599853515625,
    0.03277587890625,
    0.032501220703125,
    0.032440185546875,
    0.03240966796875,
    0.03240966796875,
    0.031768798828125,
    0.03173828125,
    0.03125,
    0.0312347412109375,
    0.03033447265625,
    0.0302734375,
    0.0302276611328125,
    0.0298309326171875,
    0.029510498046875,
    0.0293731689453125,
    0.0286865234375,
    0.0280609130859375,
    0.0280303955078125,
    0.027801513671875,
    0.0274200439453125,
    0.0267333984375,
    0.026611328125,
    0.02655029296875,
    0.026275634765625,
    0.02587890625
  ],
  "ffn_config": {
    "d": 4096,
    "m": 14336,
    "bytes_per_weight": 2.0
  },
  "hbm_config": {
    "name": "HBM",
    "bandwidth_GBps": 2500.0,
    "page_size_B": 0,
    "startup_ns": 50.0,
    "small_run_bw_penalty": 0.65
  },
  "hbf_config": {
    "name": "HBF",
    "bandwidth_GBps": 350.0,
    "page_size_B": 4096,
    "startup_ns": 300.0,
    "small_run_bw_penalty": 0.45
  },
  "simulation_results": {
    "HBM_dense": {
      "bytes": 234881024.0,
      "runs": 2,
      "time_s": 9.405240960000001e-05
    },
    "HBM_sparse_relayout_like": {
      "bytes": 80019456.0,
      "runs": 6390,
      "time_s": 0.00036874274215384616
    },
    "HBF_dense": {
      "bytes": 234881024.0,
      "runs": 2,
      "time_s": 0.00067168864
    },
    "HBF_sparse_dense_layout": {
      "bytes": 157450240.0,
      "up_bytes": 117440512.0,
      "down_bytes": 40009728,
      "total_bytes": 157450240.0,
      "up_runs": 28672,
      "down_runs": 3195,
      "total_runs": 31867,
      "per_neuron_chunk_B": 8192,
      "pages_per_row_up": 7,
      "expected_pages_touched_per_row_up": 7.0,
      "time_s": 0.010559784063492063
    },
    "HBF_sparse_relayout_like": {
      "bytes": 80019456,
      "total_bytes": 80019456,
      "up_bytes": 40009728,
      "down_bytes": 40009728,
      "runs_each_matrix": 3195,
      "total_runs": 6390,
      "per_neuron_chunk_B": 8192,
      "time_s": 0.002425060038095238
    }
  },
  "prompt": "Explain briefly what the FFN layer does in a transformer.",
  "prompt_token_count": 14,
  "max_new_tokens": 32,
  "hook_call_count": 32,
  "generated_text": "Explain briefly what the FFN layer does in a transformer. I think it is the same as the residual connection in the ResNet, but I am not sure. Thanks!\n\n• I would suggest you to read the paper"
}